ID,Name,Gzip Data
0,FINN,H4sIAAAAAAAAChWMxw3AMAwDF/Ijokoce/+9wnvoIIJFus+JFT758sRVHS29Rgogc9ssZDUYQKS20Uw0/U4kjSbXnzEBcAd3ig93hs8D9wcN11RAhgAAAA==
1,JAKE,H4sIAAAAAAAACh2NuREAMQgDG3JwRjx++u/rWAfsIBDIdP3MEV3ZVWdeQ1geG7bodkNfS00gJBZxoGK2G47FsbgAb51FMAv+RRG1ukvMySIdvHzCf+9buNSQAAAA
2,BMO,H4sIAAAAAAAACi2OURIAIQhCL9RHWJnW/e+1YPvhG3CQ0fPGQUsOuoCD6/NY80W7TRi0e0rVzmWDiC7wooVJKRdLUCSSyK32Vw96dCs9Ss/iKuoE/w/M3A9wLx81mgAAAA==
3,LADY RAINICORN,H4sIAAAAAAAACiWMuREAMQwCG3Ig/Emy++/rtL5kBxjA7aofNQ0wwTq6a53etsAElTXHuqOyVFAObETZNEAl+cuBYptc5Qb0ZPbIUPYn3Em1vR8m3wTdjwAAAA==
4,PRINCESS BUBBLEGUM,H4sIAAAAAAAACiXOQRLAIAhD0Qt1Ewlo9f73Kv5u3jAmMEo+qq1Hs8n6XVun3GPljZR7tIWTl8X8XsfAQCOdYDfYion0LeSmSb1u06RJmtxM7pT6Nx80ObrPqAAAAA==
5,LUMPY SPACE PRINCESS,H4sIAAAAAAAACh2OyRHAMAgDG8rD4opj999XYB/a0YDQIPndR8/XWi0d3Yoxto41BRMW3PAbOhkn4zZX7viAU6ygNmwmwTboj3d8sk2HXGXiC9KQ85yqk/cHMN6ELa8AAAA=
6,ICE KING,H4sIAAAAAAAACh3OSQ4AIQhE0Qv1giLKoPe/V8vfvFQKjCj8qo4+9cNt0NFdfvyLPYNYLypycmpy0mRgjkVfG+mL/Spyj20oPuNVM+2Zuhk6V2xMfMfdH6ADpuemAAAA
7,MARCELINE,H4sIAAAAAAAACiWOwREAIQgDG/IBKAG0/74Ocg924pJhVOzniKvLkc2ZuvoUfm0p0G/lRlFjQiaHMW+SzUiSnRSSnWQnz7BoiqZ+43Ot0NlEyd3G5JAg5z8fOwbflKgAAAA=
8,LEMONGRAB,H4sIAAAAAAAACiWOSQ4AIQzDPjQHGlrW//9rWnPAiqwEkLXrx77IYyr0Y1dEVU76UTLIgzzhgru8GrQyYiu2YquAbN3KOx3vGDrO/f46k7yKwTYw8Qwvjvz1/QGDMFvHvgAAAA==
9,GUNTER,H4sIAAAAAAAACh3OyREAIQhE0YQ8SLOMS/55jfyDr7pQAZndeWzYO+qgl670HQ1pdUG7dS7duu5Cx8DEQv76wt3GRHKSk3lJn6RPBpVqi1nFmxL62+oHXvcay6wAAAA=
10,FIONNA,H4sIAAAAAAAACh2OyQ0AMQgDG8qDYwOB9N/Xhnl4ZGGMsNhXWpc+2ZO3XotsWxYH1jAFspWGd/wHN5PA0026SffQrYCkRVqTugicyy58IAfWUL3t/rhzMLukAAAA
11,CAKE,H4sIAAAAAAAACiWMURIAIQhCL9RHYJnW/e+1yn7whkGQ7m9djF3y0rl4DFwOBkUTl7hFF6PajGyfU0QnqVVqlVplr2xaXW0u+T9xJaeJ/mCAPMVuhlXnfReMRWmkAAAA
12,JAKE 2v2,H4sIAAAAAAAACh2NyREAMQjDGtpHgAA5+u9rYz2iYRRjwvLOY1/qVcN17EbIxMzjjwUbs+CWyaE5DbpMsVXkaYsi2QOSad2LLnGxuxwG5HfTs5WZw2DALRrGMG6vc7ozv/z9AWBwfwTSAAAA
13,CHARLIE,H4sIAAAAAAAACiWOyRFEIQgFE5qDLAJq/nkN9D/Q1QU8xSTeuvKTrh0J68ozi3azhHW1ecZ9jbvgihv0YWxIKkjFGSb7qdAgm7XHi7+K1GF6vOlL4ec1FDpCR+Ye17nHtd95f8ePcUjMAAAA
14,GRAND PRIX,H4sIAAAAAAAACiXOwRHEMAhD0Yb2EAHBYPff15qfyxtGg2xc68i2fvKLPYO2jvmEbmvbtbBHnxV3oZE4c4zvZ2IhraSVYqaVtJL91WOxU/xbdIu8yZukJ4nnxTVyd2juDM1O2H3z/AELaWzU2AAAAA==
15,MONIKER,H4sIAAAAAAAACh2OwQ0AIQgEG7qHC6ig/fd1Mg8mmwmBdeXNo6/e2Gjo6Jrbi6469jna2z/izfEBJ1ztp8OAE26YvbO4s0TmzuLOZmd3C0++JKbIxWa1iTFg/wqRFbA7hPCvm+4PInxX/tYAAAA=
